[
  {
    "execSQLLike": false,
    "localDatasets": [
      {
        "datasets": [],
        "privileges": [
          "READ_DATA",
          "READ_METADATA",
          "READ_SCHEMA"
        ]
      }
    ],
    "projectPrivileges": {
      "admin": false,
      "readProjectContent": false,
      "writeProjectContent": false,
      "exportDatasetsData": false,
      "readDashboards": false,
      "writeDashboards": false,
      "moderateDashboards": false,
      "runScenarios": false,
      "manageDashboardAuthorizations": false,
      "manageExposedElements": false,
      "manageAdditionalDashboardUsers": false,
      "executeApp": false
    },
    "onBehalf": "ULVltn0",
    "id": "gOxQip3ck8XENe8J",
    "key": "dummyKey_1OTF92D96upktFijFy2I6B66RbrTpViB",
    "label": "Key for Web app Image labeling(ULVltn0)",
    "createdOn": 1590731738876
  }
]