{
  "type": "webapp_ml-assisted-labeling_tabular-labeling",
  "hasLegacyBackendURL": false,
  "params": {
    "backendEnabled": true,
    "enableJavascriptModules": true,
    "autoStartBackend": false,
    "hideJSSecurityPanel": true,
    "envSelection": {
      "envMode": "INHERIT"
    },
    "nbProcesses": 1,
    "libraries": [
      "jquery",
      "dataiku",
      "bootstrap",
      "font_awesome"
    ],
    "infra": {
      "containerSelection": {
        "containerMode": "INHERIT"
      },
      "overrideGlobalK8sExposition": false,
      "exposition": {
        "type": "local_process",
        "params": {}
      },
      "scaling": {
        "initialReplicas": 1,
        "hpa": false,
        "hpaTargetCPUPercent": 0,
        "hpaMinPods": 0,
        "hpaMaxPods": 0
      }
    },
    "forceAuthentication": false
  },
  "config": {
    "categories": [],
    "label_col_name": "label",
    "unlabeled": "input-tabular",
    "labels_ds": "tabular-labels",
    "metadata_ds": "tabular-metadata",
    "queries_ds": "tabular-queries"
  },
  "name": "tabular-labeling",
  "apiKey": "dummyKey_kquvvOhMRBoLla2wNEwV3Lt7hqw7W2c0",
  "versionTag": {
    "versionNumber": 3,
    "lastModifiedBy": {
      "login": "admin"
    },
    "lastModifiedOn": 1590731814584
  },
  "creationTag": {
    "versionNumber": 0,
    "lastModifiedBy": {
      "login": "admin"
    },
    "lastModifiedOn": 1590676755809
  },
  "tags": [],
  "checklists": {
    "checklists": []
  },
  "customFields": {},
  "isVirtual": false
}