{
  "projectKey": "IMAGECLASSIFICATION",
  "id": "Detect_model_settings",
  "type": "custom_python",
  "name": "Detect model settings",
  "active": false,
  "versionTag": {
    "versionNumber": 4,
    "lastModifiedBy": {
      "login": "admin"
    },
    "lastModifiedOn": 1594982635308
  },
  "checklists": {
    "checklists": []
  },
  "delayedTriggersBehavior": {
    "delayWhileRunning": true,
    "squashDelayedTriggers": true,
    "suppressTriggersWhileRunning": true
  },
  "tags": [],
  "triggers": [],
  "reporters": [],
  "params": {
    "envSelection": {
      "envMode": "INHERIT"
    }
  },
  "automationLocal": false,
  "customFields": {}
}