{
  "projectKey": "IMAGECLASSIFICATION",
  "id": "Retrain_model",
  "type": "step_based",
  "name": "Retrain model",
  "active": false,
  "versionTag": {
    "versionNumber": 46,
    "lastModifiedBy": {
      "login": "admin"
    },
    "lastModifiedOn": 1591973464030
  },
  "checklists": {
    "checklists": []
  },
  "delayedTriggersBehavior": {
    "delayWhileRunning": true,
    "squashDelayedTriggers": true,
    "suppressTriggersWhileRunning": true
  },
  "tags": [],
  "triggers": [],
  "reporters": [],
  "params": {
    "steps": [
      {
        "id": "custom_python_xwuPKG1UofEXR3x0u5uGkQ",
        "type": "custom_python",
        "name": "Retrain model",
        "runConditionType": "RUN_IF_STATUS_MATCH",
        "runConditionStatuses": [
          "SUCCESS",
          "WARNING"
        ],
        "runConditionExpression": "",
        "resetScenarioStatus": false,
        "delayBetweenRetries": 10,
        "maxRetriesOnFail": 0,
        "params": {
          "script": "import dataiku\nclient \u003d dataiku.api_client()\n\nproject \u003d client.get_project(dataiku.Project().project_key)\nmltask \u003d project.get_ml_task(\"SZl3VWlm\",\"SCBkbIDB\")\nmltask.guess(target_only\u003dTrue)\n\nmodel_id \u003d mltask.train(\"Automatic train\")[0]\nmltask.redeploy_to_flow(model_id, \u0027train_Prediction__KERAS_CODE__on_image-labels_1\u0027)",
          "envSelection": {
            "envMode": "EXPLICIT_ENV",
            "envName": "doctor-36"
          },
          "proceedOnFailure": false
        }
      },
      {
        "id": "Compute labeling metrics_30oAf/xrK4XfM+hMNdC0Ww",
        "type": "pystep_ml-assisted-labeling_stopping-metric",
        "name": "image",
        "runConditionType": "RUN_IF_STATUS_MATCH",
        "runConditionStatuses": [
          "SUCCESS",
          "WARNING"
        ],
        "runConditionExpression": "",
        "resetScenarioStatus": false,
        "delayBetweenRetries": 10,
        "maxRetriesOnFail": 0,
        "params": {
          "config": {
            "n_samples": 1000,
            "should_use_gpu": true,
            "gpu_allocation": ".5",
            "metadata": "image-metadata",
            "model": "YkGoyiEn",
            "unlabeled_select": "folder",
            "unlabeled_folder": "j47pTfgK",
            "list_gpu": "0"
          },
          "proceedOnFailure": false
        }
      },
      {
        "id": "build_0_true_d_image-queries",
        "type": "build_flowitem",
        "name": "Generate queries",
        "runConditionType": "RUN_IF_STATUS_MATCH",
        "runConditionStatuses": [
          "SUCCESS",
          "WARNING"
        ],
        "runConditionExpression": "",
        "resetScenarioStatus": false,
        "delayBetweenRetries": 10,
        "maxRetriesOnFail": 0,
        "params": {
          "builds": [
            {
              "type": "DATASET",
              "itemId": "image-queries",
              "partitionsSpec": ""
            }
          ],
          "jobType": "RECURSIVE_BUILD",
          "refreshHiveMetastore": true,
          "proceedOnFailure": false
        }
      },
      {
        "id": "restart_webapp_ULVltn0",
        "type": "restart_webapp",
        "name": "image",
        "runConditionType": "RUN_IF_STATUS_MATCH",
        "runConditionStatuses": [
          "SUCCESS",
          "WARNING"
        ],
        "runConditionExpression": "",
        "resetScenarioStatus": false,
        "delayBetweenRetries": 10,
        "maxRetriesOnFail": 0,
        "params": {
          "webAppId": "ULVltn0",
          "proceedOnFailure": false
        }
      }
    ]
  },
  "automationLocal": false,
  "customFields": {}
}