{
  "type": "CustomCode_object-detection-retrain-object-detection-model-gpu",
  "neverRecomputeExistingPartitions": false,
  "optionalDependencies": false,
  "params": {
    "customConfig": {
      "val_split": 0.8,
      "should_use_gpu": true,
      "gpu_allocation": 0.5,
      "list_gpu": "0",
      "lr": 0.00001,
      "nb_epochs": 10,
      "tensorboard": false,
      "optimizer": "adam",
      "freeze": true,
      "epochs": 10,
      "flip_x": 0.5,
      "flip_y": 0,
      "min_rotation": -0.1,
      "max_rotation": 0.1,
      "min_trans": -0.1,
      "max_trans": 0.1,
      "min_shear": -0.1,
      "max_shear": 0.1,
      "min_scaling": 0.9,
      "max_scaling": 1.1,
      "reducelr": false,
      "reducelr_patience": 2,
      "reducelr_factor": 0.1,
      "min_side": 378,
      "max_side": 504,
      "single_column_data": true,
      "col_label": "label",
      "col_filename": "path"
    },
    "containerSelection": {
      "containerMode": "INHERIT"
    }
  },
  "customMeta": {
    "kv": {}
  },
  "redispatchPartitioning": false,
  "maxRunningActivities": 0,
  "inputs": {
    "images": {
      "items": [
        {
          "ref": "Sz5YxlDP",
          "deps": []
        }
      ]
    },
    "bounding_boxes": {
      "items": [
        {
          "ref": "object-labels",
          "deps": []
        }
      ]
    },
    "weights": {
      "items": [
        {
          "ref": "MAZgVf5x",
          "deps": []
        }
      ]
    }
  },
  "outputs": {
    "model": {
      "items": [
        {
          "ref": "eEvugZ8i",
          "appendMode": false
        }
      ]
    }
  },
  "versionTag": {
    "versionNumber": 2,
    "lastModifiedBy": {
      "login": "admin"
    },
    "lastModifiedOn": 1590078343342
  },
  "creationTag": {
    "versionNumber": 0,
    "lastModifiedBy": {
      "login": "admin"
    },
    "lastModifiedOn": 1590078280175
  },
  "tags": [],
  "customFields": {},
  "checklists": {
    "checklists": []
  }
}