{
  "type": "web_app",
  "params": {
    "webAppSmartId": "xFUUnCL",
    "webAppType": "webapp_ml-assisted-labeling_image-object-labeling"
  },
  "owner": "admin",
  "listed": false,
  "name": "object-labeling",
  "dashboardCreationId": "c1OH1Wa",
  "versionTag": {
    "versionNumber": 0,
    "lastModifiedBy": {
      "login": "admin"
    },
    "lastModifiedOn": 1590079259884
  },
  "creationTag": {
    "versionNumber": 0,
    "lastModifiedBy": {
      "login": "admin"
    },
    "lastModifiedOn": 1590079259884
  },
  "tags": [],
  "customFields": {},
  "checklists": {
    "checklists": []
  }
}