{
  "type": "web_app",
  "params": {
    "webAppSmartId": "ULVltn0",
    "webAppType": "webapp_ml-assisted-labeling_image-labeling"
  },
  "owner": "admin",
  "listed": false,
  "name": "Image labeling",
  "dashboardCreationId": "0T8pC8Q",
  "versionTag": {
    "versionNumber": 0,
    "lastModifiedBy": {
      "login": "admin"
    },
    "lastModifiedOn": 1591131413725
  },
  "creationTag": {
    "versionNumber": 0,
    "lastModifiedBy": {
      "login": "admin"
    },
    "lastModifiedOn": 1591131413725
  },
  "tags": [],
  "customFields": {},
  "checklists": {
    "checklists": []
  }
}