{
  "projectKey": "TABULARCLASSIFICATION",
  "id": "Restart_webapp",
  "type": "step_based",
  "name": "Restart webapp",
  "active": false,
  "versionTag": {
    "versionNumber": 1,
    "lastModifiedBy": {
      "login": "admin"
    },
    "lastModifiedOn": 1590677199875
  },
  "checklists": {
    "checklists": []
  },
  "delayedTriggersBehavior": {
    "delayWhileRunning": true,
    "squashDelayedTriggers": true,
    "suppressTriggersWhileRunning": true
  },
  "tags": [],
  "triggers": [],
  "reporters": [],
  "params": {
    "steps": [
      {
        "id": "restart_webapp_oTb9JVc",
        "type": "restart_webapp",
        "name": "Step #1",
        "runConditionType": "RUN_IF_STATUS_MATCH",
        "runConditionStatuses": [
          "SUCCESS",
          "WARNING"
        ],
        "runConditionExpression": "",
        "resetScenarioStatus": false,
        "delayBetweenRetries": 10,
        "maxRetriesOnFail": 0,
        "params": {
          "webAppId": "oTb9JVc",
          "proceedOnFailure": false
        }
      }
    ]
  },
  "automationLocal": false,
  "customFields": {}
}