{
  "projectKey": "TABULARCLASSIFICATION",
  "id": "Retrain_model",
  "type": "step_based",
  "name": "Retrain model",
  "active": false,
  "versionTag": {
    "versionNumber": 6,
    "lastModifiedBy": {
      "login": "admin"
    },
    "lastModifiedOn": 1591109510714
  },
  "checklists": {
    "checklists": []
  },
  "delayedTriggersBehavior": {
    "delayWhileRunning": true,
    "squashDelayedTriggers": true,
    "suppressTriggersWhileRunning": true
  },
  "tags": [],
  "triggers": [],
  "reporters": [],
  "params": {
    "steps": [
      {
        "id": "build_0_true_m_wq3ybWVc",
        "type": "build_flowitem",
        "name": "Retrain model",
        "runConditionType": "RUN_IF_STATUS_MATCH",
        "runConditionStatuses": [
          "SUCCESS",
          "WARNING"
        ],
        "runConditionExpression": "",
        "resetScenarioStatus": false,
        "delayBetweenRetries": 10,
        "maxRetriesOnFail": 0,
        "params": {
          "builds": [
            {
              "type": "SAVED_MODEL",
              "itemId": "wq3ybWVc",
              "partitionsSpec": ""
            }
          ],
          "jobType": "RECURSIVE_BUILD",
          "refreshHiveMetastore": true,
          "proceedOnFailure": false
        }
      },
      {
        "id": "Compute labeling metrics_T/ahvcWYf5OQWxi6kLE2dA",
        "type": "pystep_ml-assisted-labeling_stopping-metric",
        "name": "tabular",
        "runConditionType": "RUN_IF_STATUS_MATCH",
        "runConditionStatuses": [
          "SUCCESS",
          "WARNING"
        ],
        "runConditionExpression": "",
        "resetScenarioStatus": false,
        "delayBetweenRetries": 10,
        "maxRetriesOnFail": 0,
        "params": {
          "config": {
            "n_samples": 1000,
            "unlabeled": "input-tabular",
            "metadata": "tabular-metadata",
            "model": "wq3ybWVc",
            "should_use_gpu": false,
            "gpu_allocation": ".5",
            "unlabeled_select": "dataset",
            "unlabeled_dataset": "input-tabular"
          },
          "proceedOnFailure": false
        }
      },
      {
        "id": "build_0_true_d_tabular-queries",
        "type": "build_flowitem",
        "name": "Generate queries",
        "runConditionType": "RUN_IF_STATUS_MATCH",
        "runConditionStatuses": [
          "SUCCESS",
          "WARNING"
        ],
        "runConditionExpression": "",
        "resetScenarioStatus": false,
        "delayBetweenRetries": 10,
        "maxRetriesOnFail": 0,
        "params": {
          "builds": [
            {
              "type": "DATASET",
              "itemId": "tabular-queries",
              "partitionsSpec": ""
            }
          ],
          "jobType": "RECURSIVE_BUILD",
          "refreshHiveMetastore": true,
          "proceedOnFailure": false
        }
      },
      {
        "id": "restart_webapp_oTb9JVc",
        "type": "restart_webapp",
        "name": "tabular",
        "runConditionType": "RUN_IF_STATUS_MATCH",
        "runConditionStatuses": [
          "SUCCESS",
          "WARNING"
        ],
        "runConditionExpression": "",
        "resetScenarioStatus": false,
        "delayBetweenRetries": 10,
        "maxRetriesOnFail": 0,
        "params": {
          "webAppId": "oTb9JVc",
          "proceedOnFailure": false
        }
      }
    ]
  },
  "automationLocal": false,
  "customFields": {}
}