{
  "projectKey": "TABULARCLASSIFICATION",
  "id": "Retrain_model",
  "type": "step_based",
  "name": "Retrain model",
  "active": false,
  "versionTag": {
    "versionNumber": 34,
    "lastModifiedBy": {
      "login": "admin"
    },
    "lastModifiedOn": 1594908516278
  },
  "checklists": {
    "checklists": []
  },
  "delayedTriggersBehavior": {
    "delayWhileRunning": true,
    "squashDelayedTriggers": true,
    "suppressTriggersWhileRunning": true
  },
  "tags": [],
  "triggers": [],
  "reporters": [],
  "params": {
    "steps": [
      {
        "id": "custom_python_zZmDRPc2Kzbt5t57lgVs4g",
        "type": "custom_python",
        "name": "Init flow and train model",
        "runConditionType": "RUN_IF_STATUS_MATCH",
        "runConditionStatuses": [
          "SUCCESS",
          "WARNING"
        ],
        "runConditionExpression": "",
        "resetScenarioStatus": false,
        "delayBetweenRetries": 10,
        "maxRetriesOnFail": 0,
        "params": {
          "script": "import dataiku\nimport dataikuapi\n\nclient \u003d dataiku.api_client()\n\np \u003d client.get_project(dataiku.Project().project_key)\nmltask \u003d p.get_ml_task(\"pYCrBroE\",\"Uurvkg3v\")\n\nis_flow_initialized \u003d \u0027CustomCode_active-learning-query-sampler\u0027 in [r[\u0027type\u0027] for r in p.list_recipes()]\n\nmodel_id \u003d mltask.train(\"Automatic train\")[0]\nmltask.wait_train_complete()\n\nif not is_flow_initialized:\n    saved_model_id \u003d mltask.deploy_to_flow(model_id\u003dmodel_id, train_dataset\u003d\u0027tabular-labels\u0027, model_name\u003d\u0027Classifier\u0027)[\u0027savedModelId\u0027]\n\n    creator \u003d dataikuapi.dss.recipe.DSSRecipeCreator(\"CustomCode_active-learning-query-sampler\",\"query-sampler\",p)\n    creator.with_input(saved_model_id, role\u003d\u0027saved_model\u0027)\n    creator.with_input(\u0027input-tabular\u0027, role\u003d\u0027unlabeled_samples\u0027)\n    creator.with_output(\u0027tabular-queries\u0027, role\u003d\u0027queries\u0027)\n\n    creator.recipe_proto \u003d {\n      \"type\": \"CustomCode_active-learning-query-sampler\",\n      \"neverRecomputeExistingPartitions\": False,\n      \"optionalDependencies\": False,\n      \"params\": {\n        \"customConfig\": {\n          \"batch_size\": 1,\n          \"confidence\": 0.5,\n          \"gpu_allocation\": 0.5,\n          \"list_gpu\": \"0\",\n          \"record_missing\": False,\n          \"strategy\": \"confidence\"\n        },\n        \"containerSelection\": {\n          \"containerMode\": \"INHERIT\"\n        }\n      },\n      \"customMeta\": {\n        \"kv\": {}\n      },\n      \"redispatchPartitioning\": False,\n      \"maxRunningActivities\": 0,\n      \"inputs\": {\n        \"saved_model\": {\n          \"items\": [\n            {\n              \"ref\": saved_model_id,\n              \"deps\": []\n            }\n          ]\n        },\n        \"unlabeled_samples\": {\n          \"items\": [\n            {\n              \"ref\": \"input-tabular\",\n              \"deps\": []\n            }\n          ]\n        }\n      },\n      \"outputs\": {\n        \"queries\": {\n          \"items\": [\n            {\n              \"ref\": \"tabular-queries\",\n              \"appendMode\": False\n            }\n          ]\n        }\n      }\n    }\n    \n    creator.set_raw_mode()\n    creator.create()\nelse :\n    mltask.redeploy_to_flow(model_id\u003dmodel_id,  saved_model_id\u003ddataiku.Model(\u0027Classifier\u0027).get_id())\n",
          "envSelection": {
            "envMode": "INHERIT"
          },
          "proceedOnFailure": false
        }
      },
      {
        "id": "Compute labeling metrics_T/ahvcWYf5OQWxi6kLE2dA",
        "type": "pystep_ml-assisted-labeling_stopping-metric",
        "name": "tabular",
        "runConditionType": "RUN_IF_STATUS_MATCH",
        "runConditionStatuses": [
          "SUCCESS",
          "WARNING"
        ],
        "runConditionExpression": "",
        "resetScenarioStatus": false,
        "delayBetweenRetries": 10,
        "maxRetriesOnFail": 0,
        "params": {
          "config": {
            "n_samples": 1000,
            "unlabeled": "input-tabular",
            "metadata": "tabular-metadata",
            "model": "4OrPDSby",
            "should_use_gpu": false,
            "gpu_allocation": ".5",
            "unlabeled_select": "dataset",
            "unlabeled_dataset": "input-tabular"
          },
          "proceedOnFailure": false
        }
      },
      {
        "id": "build_0_true_d_tabular-queries",
        "type": "build_flowitem",
        "name": "Generate queries",
        "runConditionType": "RUN_IF_STATUS_MATCH",
        "runConditionStatuses": [
          "SUCCESS",
          "WARNING"
        ],
        "runConditionExpression": "",
        "resetScenarioStatus": false,
        "delayBetweenRetries": 10,
        "maxRetriesOnFail": 0,
        "params": {
          "builds": [
            {
              "type": "DATASET",
              "itemId": "tabular-queries",
              "partitionsSpec": ""
            }
          ],
          "jobType": "RECURSIVE_BUILD",
          "refreshHiveMetastore": true,
          "proceedOnFailure": false
        }
      },
      {
        "id": "restart_webapp_oTb9JVc",
        "type": "restart_webapp",
        "name": "tabular",
        "runConditionType": "RUN_IF_STATUS_MATCH",
        "runConditionStatuses": [
          "SUCCESS",
          "WARNING"
        ],
        "runConditionExpression": "",
        "resetScenarioStatus": false,
        "delayBetweenRetries": 10,
        "maxRetriesOnFail": 0,
        "params": {
          "webAppId": "oTb9JVc",
          "proceedOnFailure": false
        }
      }
    ]
  },
  "automationLocal": false,
  "customFields": {}
}