[
  {
    "execSQLLike": false,
    "localDatasets": [
      {
        "datasets": [],
        "privileges": [
          "READ_DATA",
          "READ_METADATA",
          "READ_SCHEMA"
        ]
      }
    ],
    "projectPrivileges": {
      "admin": false,
      "readProjectContent": false,
      "writeProjectContent": false,
      "exportDatasetsData": false,
      "readDashboards": false,
      "writeDashboards": false,
      "moderateDashboards": false,
      "runScenarios": false,
      "manageDashboardAuthorizations": false,
      "manageExposedElements": false,
      "manageAdditionalDashboardUsers": false,
      "executeApp": false
    },
    "onBehalf": "oTb9JVc",
    "id": "AHBxFRbJxsexU81g",
    "key": "dummyKey_kquvvOhMRBoLla2wNEwV3Lt7hqw7W2c0",
    "label": "Key for Web app tabular-labeling(oTb9JVc)",
    "createdOn": 1590676755801
  }
]