{
  "type": "web_app",
  "params": {
    "webAppSmartId": "heKpJXW",
    "webAppType": "webapp_ml-assisted-labeling_text-labeling"
  },
  "owner": "admin",
  "listed": false,
  "name": "text-labeling",
  "dashboardCreationId": "soTtl6V",
  "versionTag": {
    "versionNumber": 0,
    "lastModifiedBy": {
      "login": "admin"
    },
    "lastModifiedOn": 1606342530499
  },
  "creationTag": {
    "versionNumber": 0,
    "lastModifiedBy": {
      "login": "admin"
    },
    "lastModifiedOn": 1606342530499
  },
  "tags": [],
  "customFields": {},
  "checklists": {
    "checklists": []
  }
}