{
  "projectKey": "APPOBJECTDETECTION",
  "id": "Download_weights",
  "type": "step_based",
  "name": "Download weights",
  "active": false,
  "versionTag": {
    "versionNumber": 2,
    "lastModifiedBy": {
      "login": "admin"
    },
    "lastModifiedOn": 1590079627255
  },
  "checklists": {
    "checklists": []
  },
  "delayedTriggersBehavior": {
    "delayWhileRunning": true,
    "squashDelayedTriggers": true,
    "suppressTriggersWhileRunning": true
  },
  "tags": [],
  "triggers": [],
  "reporters": [],
  "params": {
    "steps": [
      {
        "id": "runmacro_pyrunnable_object-detection_object-detection-download-models-gpu",
        "type": "runnable",
        "name": "Download weights",
        "runConditionType": "RUN_IF_STATUS_MATCH",
        "runConditionStatuses": [
          "SUCCESS",
          "WARNING"
        ],
        "runConditionExpression": "",
        "resetScenarioStatus": false,
        "delayBetweenRetries": 10,
        "maxRetriesOnFail": 0,
        "params": {
          "runnableType": "pyrunnable_object-detection_object-detection-download-models-gpu",
          "config": {
            "model": "retinanet_coco",
            "folder_name": "coco-pretrained"
          },
          "adminConfig": {},
          "proceedOnFailure": false
        }
      }
    ]
  },
  "automationLocal": false,
  "customFields": {}
}