{
  "projectKey": "APPOBJECTDETECTION",
  "id": "Retrain_model",
  "type": "step_based",
  "name": "Retrain model",
  "active": false,
  "versionTag": {
    "versionNumber": 13,
    "lastModifiedBy": {
      "login": "admin"
    },
    "lastModifiedOn": 1595200260870
  },
  "checklists": {
    "checklists": []
  },
  "delayedTriggersBehavior": {
    "delayWhileRunning": true,
    "squashDelayedTriggers": true,
    "suppressTriggersWhileRunning": true
  },
  "tags": [],
  "triggers": [],
  "reporters": [],
  "params": {
    "steps": [
      {
        "id": "custom_python_vE/oRWWO26b7NVtfbyM2Xg",
        "type": "custom_python",
        "name": "Initialize flow",
        "runConditionType": "RUN_IF_STATUS_MATCH",
        "runConditionStatuses": [
          "SUCCESS",
          "WARNING"
        ],
        "runConditionExpression": "",
        "resetScenarioStatus": false,
        "delayBetweenRetries": 10,
        "maxRetriesOnFail": 0,
        "params": {
          "script": "import dataiku\nimport dataikuapi\n\nclient \u003d dataiku.api_client()\n\np \u003d client.get_project(dataiku.Project().project_key)\n\nis_flow_initialized \u003d False\n\nfor t in [r[\u0027type\u0027] for r in p.list_recipes()]:\n    if t.startswith(\"CustomCode_object-detection-retrain-object-detection-model\"):\n        is_flow_initialized \u003d True\n        break\n\nuse_gpu_plugin \u003d False\ntry:\n    dataiku.use_plugin_libs(\u0027object-detection-gpu\u0027)\n    use_gpu_plugin \u003d True\nexcept:\n    try:\n        dataiku.use_plugin_libs(\u0027object-detection-cpu\u0027)\n    except:\n        raise ImportError(prettify_error(\n            \u0027ML assisted labeling object detection relies on the DSS object detection \u0027\n            \u0027plugin. The plugin could not be found on this instance. Please install it \u0027\n            \u0027to use this recipe. More information: https://www.dataiku.com/product/plugins/object-detection/\u0027\n        ))\n        \nprint(\"Using \"+ (\"GPU\" if use_gpu_plugin else \"CPU\") +\" version of the object detection plugin\")        \n\nretrain_recipe_type \u003d \"CustomCode_object-detection-retrain-object-detection-model-\"+(\"gpu\" if use_gpu_plugin else \"cpu\")\npretrained_model_weights_mf_id \u003d [mf[\u0027id\u0027] for mf in p.list_managed_folders() if mf[\u0027name\u0027] \u003d\u003d \u0027coco-pretrained\u0027][0]\n\ncreator \u003d dataikuapi.dss.recipe.DSSRecipeCreator(retrain_recipe_type,\"retrain\",p)\ncreator.with_input(\u0027Sz5YxlDP\u0027, role\u003d\u0027images\u0027)\ncreator.with_input(\u0027object-labels\u0027, role\u003d\u0027bounding_boxes\u0027)\ncreator.with_output(pretrained_model_weights_mf_id, role\u003d\u0027weights\u0027)\n\nif not is_flow_initialized:\n    print(\"Flow is not yet initialized, creating the object detection retrain model recipe...\")\n    retrain_recipe_type \u003d \"CustomCode_object-detection-retrain-object-detection-model-\"+(\"gpu\" if use_gpu_plugin else \"cpu\")\n    pretrained_model_weights_mf_id \u003d [mf[\u0027id\u0027] for mf in p.list_managed_folders() if mf[\u0027name\u0027] \u003d\u003d \u0027coco-pretrained\u0027][0]\n\n    creator \u003d dataikuapi.dss.recipe.DSSRecipeCreator(retrain_recipe_type,\"retrain\",p)\n    creator.with_input(\u0027Sz5YxlDP\u0027, role\u003d\u0027images\u0027)\n    creator.with_input(\u0027object-labels\u0027, role\u003d\u0027bounding_boxes\u0027)\n    creator.with_output(pretrained_model_weights_mf_id, role\u003d\u0027weights\u0027)\n\n    creator.recipe_proto \u003d {\n      \"type\": retrain_recipe_type,\n      \"neverRecomputeExistingPartitions\": False,\n      \"optionalDependencies\": False,\n      \"params\": {\n        \"customConfig\": {\n          \"val_split\": 0.8,\n          \"should_use_gpu\": use_gpu_plugin,\n          \"gpu_allocation\": 0.5,\n          \"list_gpu\": \"0\",\n          \"lr\": 0.00001,\n          \"nb_epochs\": 10,\n          \"tensorboard\": False,\n          \"optimizer\": \"adam\",\n          \"freeze\": True,\n          \"epochs\": 10,\n          \"flip_x\": 0.5,\n          \"flip_y\": 0,\n          \"min_rotation\": -0.1,\n          \"max_rotation\": 0.1,\n          \"min_trans\": -0.1,\n          \"max_trans\": 0.1,\n          \"min_shear\": -0.1,\n          \"max_shear\": 0.1,\n          \"min_scaling\": 0.9,\n          \"max_scaling\": 1.1,\n          \"reducelr\": False,\n          \"reducelr_patience\": 2,\n          \"reducelr_factor\": 0.1,\n          \"min_side\": 378,\n          \"max_side\": 504,\n          \"single_column_data\": True,\n          \"col_label\": \"label\",\n          \"col_filename\": \"path\"\n        },\n        \"containerSelection\": {\n          \"containerMode\": \"INHERIT\"\n        }\n      },\n      \"redispatchPartitioning\": False,\n      \"maxRunningActivities\": 0,\n      \"inputs\": {\n        \"images\": {\n          \"items\": [\n            {\n              \"ref\": \"Sz5YxlDP\",\n              \"deps\": []\n            }\n          ]\n        },\n        \"bounding_boxes\": {\n          \"items\": [\n            {\n              \"ref\": \"object-labels\",\n              \"deps\": []\n            }\n          ]\n        },\n        \"weights\": {\n          \"items\": [\n            {\n              \"ref\": pretrained_model_weights_mf_id,\n              \"deps\": []\n            }\n          ]\n        }\n      },\n      \"outputs\": {\n        \"model\": {\n          \"items\": [\n            {\n              \"ref\": \"eEvugZ8i\",\n              \"appendMode\": False\n            }\n          ]\n        }\n      }\n    }\n\n    creator.set_raw_mode()\n    creator.create()\nelse:\n    print(\"Flow is already initialized, nothing to do\")",
          "envSelection": {
            "envMode": "INHERIT"
          },
          "proceedOnFailure": false
        }
      },
      {
        "id": "build_0_true_f_eEvugZ8i",
        "type": "build_flowitem",
        "name": "Retrain retinanet",
        "runConditionType": "RUN_IF_STATUS_MATCH",
        "runConditionStatuses": [
          "SUCCESS",
          "WARNING"
        ],
        "runConditionExpression": "",
        "resetScenarioStatus": false,
        "delayBetweenRetries": 10,
        "maxRetriesOnFail": 0,
        "params": {
          "builds": [
            {
              "type": "MANAGED_FOLDER",
              "itemId": "eEvugZ8i",
              "partitionsSpec": ""
            }
          ],
          "jobType": "RECURSIVE_BUILD",
          "refreshHiveMetastore": true,
          "proceedOnFailure": false
        }
      },
      {
        "id": "build_0_true_d_object-queries",
        "type": "build_flowitem",
        "name": "Generate queries",
        "runConditionType": "RUN_IF_STATUS_MATCH",
        "runConditionStatuses": [
          "SUCCESS",
          "WARNING"
        ],
        "runConditionExpression": "",
        "resetScenarioStatus": false,
        "delayBetweenRetries": 10,
        "maxRetriesOnFail": 0,
        "params": {
          "builds": [
            {
              "type": "DATASET",
              "itemId": "object-queries",
              "partitionsSpec": ""
            }
          ],
          "jobType": "RECURSIVE_BUILD",
          "refreshHiveMetastore": true,
          "proceedOnFailure": false
        }
      },
      {
        "id": "restart_webapp_xFUUnCL",
        "type": "restart_webapp",
        "name": "object-labeling",
        "runConditionType": "RUN_IF_STATUS_MATCH",
        "runConditionStatuses": [
          "SUCCESS",
          "WARNING"
        ],
        "runConditionExpression": "",
        "resetScenarioStatus": false,
        "delayBetweenRetries": 10,
        "maxRetriesOnFail": 0,
        "params": {
          "webAppId": "xFUUnCL",
          "proceedOnFailure": false
        }
      }
    ]
  },
  "automationLocal": false,
  "customFields": {}
}