[
  {
    "execSQLLike": false,
    "localDatasets": [
      {
        "datasets": [],
        "privileges": [
          "READ_DATA",
          "READ_METADATA",
          "READ_SCHEMA"
        ]
      }
    ],
    "projectPrivileges": {
      "admin": false,
      "readProjectContent": false,
      "writeProjectContent": false,
      "exportDatasetsData": false,
      "readDashboards": false,
      "writeDashboards": false,
      "moderateDashboards": false,
      "runScenarios": false,
      "manageDashboardAuthorizations": false,
      "manageExposedElements": false,
      "manageAdditionalDashboardUsers": false,
      "executeApp": false
    },
    "onBehalf": "heKpJXW",
    "id": "A7pMNkdjqTR1EBXg",
    "key": "dummyKey_pzkUE39ObZRns85DrKwSz4okCslwlDNp",
    "label": "Key for Web app text-labeling(heKpJXW)",
    "createdOn": 1606328451199
  }
]