{
  "params": {
    "ttPolicy": "SPLIT_SINGLE_DATASET",
    "ssdSplitMode": "RANDOM",
    "splitBeforePrepare": true,
    "ssdSelection": {
      "useMemTable": false,
      "filter": {
        "distinct": false,
        "enabled": false
      },
      "partitionSelectionMethod": "ALL",
      "latestPartitionsN": 1,
      "ordering": {
        "enabled": false,
        "rules": []
      },
      "samplingMethod": "HEAD_SEQUENTIAL",
      "maxRecords": 100000,
      "targetRatio": 0.02,
      "withinFirstN": -1,
      "maxReadUncompressedBytes": -1
    },
    "ssdTrainingRatio": 0.8,
    "ssdSeed": 1337,
    "testOnLargerValues": true,
    "kfold": false,
    "nFolds": 5,
    "instanceIdRefresher": 0,
    "subSamplingSeed": 1337
  },
  "generationDate": 1594908400193,
  "policyId": "type\u003dSPLIT_SINGLE_DATASET,split\u003dRANDOM,splitBeforePrepare\u003dtrue,ds\u003dtabular-labels,sel\u003d(method\u003dhead-s,records\u003d100000),r\u003d0.8,s\u003d1337",
  "instanceId": "6a90f7eb92a15e94a1f5cde6bddbdc57-0",
  "format": "csv1",
  "schema": {
    "columns": [
      {"name":"col_0","type":"string"},
      {"name":"label","type":"string"},
      {"name":"label_id","type":"bigint"}
    ],
    "userModified": false
  },
  "trainPath": "train-6a90f7eb92a15e94a1f5cde6bddbdc57-0.csv.gz",
  "testPath": "test-6a90f7eb92a15e94a1f5cde6bddbdc57-0.csv.gz",
  "trainRows": 8,
  "testRows": 4,
  "fullRows": 0
}