[
    {
        "test_score_gib": 0.5,
        "train_score": 1.0,
        "test_score": 0.5,
        "num_samples": 4,
        "fit_time": 2,
        "score_time": 21,
        "time": 23,
        "parameters": {
            "C": 1.0,
            "penalty": "l2"
        },
        "best_iteration": null,
        "done_at": 1594908403766,
        "split_id": 0
    },
    {
        "test_score_gib": 1.0,
        "train_score": 1.0,
        "test_score": 1.0,
        "num_samples": 2,
        "fit_time": 1,
        "score_time": 13,
        "time": 14,
        "parameters": {
            "C": 1.0,
            "penalty": "l2"
        },
        "best_iteration": null,
        "done_at": 1594908403761,
        "split_id": 1
    },
    {
        "test_score_gib": 1.0,
        "train_score": 1.0,
        "test_score": 1.0,
        "num_samples": 2,
        "fit_time": 5,
        "score_time": 10,
        "time": 15,
        "parameters": {
            "C": 1.0,
            "penalty": "l2"
        },
        "best_iteration": null,
        "done_at": 1594908403763,
        "split_id": 2
    },
    {
        "test_score_gib": 0.5,
        "train_score": 1.0,
        "test_score": 0.5,
        "num_samples": 4,
        "fit_time": 7,
        "score_time": 21,
        "time": 28,
        "parameters": {
            "C": 0.1,
            "penalty": "l2"
        },
        "best_iteration": null,
        "done_at": 1594908403793,
        "split_id": 0
    },
    {
        "test_score_gib": 1.0,
        "train_score": 1.0,
        "test_score": 1.0,
        "num_samples": 2,
        "fit_time": 3,
        "score_time": 13,
        "time": 16,
        "parameters": {
            "C": 0.1,
            "penalty": "l2"
        },
        "best_iteration": null,
        "done_at": 1594908403782,
        "split_id": 1
    },
    {
        "test_score_gib": 1.0,
        "train_score": 1.0,
        "test_score": 1.0,
        "num_samples": 2,
        "fit_time": 14,
        "score_time": 8,
        "time": 22,
        "parameters": {
            "C": 0.1,
            "penalty": "l2"
        },
        "best_iteration": null,
        "done_at": 1594908403791,
        "split_id": 2
    },
    {
        "test_score_gib": 0.5,
        "train_score": 1.0,
        "test_score": 0.5,
        "num_samples": 4,
        "fit_time": 4,
        "score_time": 14,
        "time": 18,
        "parameters": {
            "C": 0.01,
            "penalty": "l2"
        },
        "best_iteration": null,
        "done_at": 1594908403792,
        "split_id": 0
    },
    {
        "test_score_gib": 1.0,
        "train_score": 1.0,
        "test_score": 1.0,
        "num_samples": 2,
        "fit_time": 5,
        "score_time": 5,
        "time": 10,
        "parameters": {
            "C": 0.01,
            "penalty": "l2"
        },
        "best_iteration": null,
        "done_at": 1594908403795,
        "split_id": 1
    },
    {
        "test_score_gib": 1.0,
        "train_score": 1.0,
        "test_score": 1.0,
        "num_samples": 2,
        "fit_time": 1,
        "score_time": 8,
        "time": 9,
        "parameters": {
            "C": 0.01,
            "penalty": "l2"
        },
        "best_iteration": null,
        "done_at": 1594908403978,
        "split_id": 2
    },
    {
        "test_score_gib": 0.5,
        "train_score": 1.0,
        "test_score": 0.5,
        "num_samples": 4,
        "fit_time": 3,
        "score_time": 10,
        "time": 13,
        "parameters": {
            "C": 100.0,
            "penalty": "l2"
        },
        "best_iteration": null,
        "done_at": 1594908403990,
        "split_id": 0
    },
    {
        "test_score_gib": 1.0,
        "train_score": 1.0,
        "test_score": 1.0,
        "num_samples": 2,
        "fit_time": 7,
        "score_time": 11,
        "time": 18,
        "parameters": {
            "C": 100.0,
            "penalty": "l2"
        },
        "best_iteration": null,
        "done_at": 1594908404000,
        "split_id": 1
    },
    {
        "test_score_gib": 0.0,
        "train_score": 1.0,
        "test_score": 0.0,
        "num_samples": 2,
        "fit_time": 2,
        "score_time": 22,
        "time": 24,
        "parameters": {
            "C": 100.0,
            "penalty": "l2"
        },
        "best_iteration": null,
        "done_at": 1594908404015,
        "split_id": 2
    },
    {
        "test_score_gib": 0.5,
        "train_score": 1.0,
        "test_score": 0.5,
        "num_samples": 4,
        "fit_time": 3,
        "score_time": 19,
        "time": 22,
        "parameters": {
            "C": 10.0,
            "penalty": "l2"
        },
        "best_iteration": null,
        "done_at": 1594908404019,
        "split_id": 0
    },
    {
        "test_score_gib": 1.0,
        "train_score": 1.0,
        "test_score": 1.0,
        "num_samples": 2,
        "fit_time": 3,
        "score_time": 14,
        "time": 17,
        "parameters": {
            "C": 10.0,
            "penalty": "l2"
        },
        "best_iteration": null,
        "done_at": 1594908404018,
        "split_id": 1
    },
    {
        "test_score_gib": 0.0,
        "train_score": 1.0,
        "test_score": 0.0,
        "num_samples": 2,
        "fit_time": 4,
        "score_time": 11,
        "time": 15,
        "parameters": {
            "C": 10.0,
            "penalty": "l2"
        },
        "best_iteration": null,
        "done_at": 1594908404020,
        "split_id": 2
    }
]