{
    "startedAt": 1594908403740,
    "gridSize": 5,
    "nThreads": 4,
    "nSplits": 3,
    "metric": "ROC_AUC",
    "timeout": null,
    "gridPoints": [
        {
            "finishedAt": 1594908403766,
            "score": 0.75,
            "testScoreGibMean": 0.75,
            "testScoreMean": 0.75,
            "testScoreStd": 0.25,
            "trainScoreMean": 1.0,
            "trainScoreStd": 0.0,
            "time": 52,
            "fitTimeMean": 2.6666666666666665,
            "fitTimeStd": 1.699673171197595,
            "scoreTimeMean": 14.666666666666666,
            "scoreTimeStd": 4.642796092394707,
            "best_iteration": null,
            "parameters": {
                "C": 1.0,
                "penalty": "l2"
            }
        },
        {
            "finishedAt": 1594908403793,
            "score": 0.75,
            "testScoreGibMean": 0.75,
            "testScoreMean": 0.75,
            "testScoreStd": 0.25,
            "trainScoreMean": 1.0,
            "trainScoreStd": 0.0,
            "time": 66,
            "fitTimeMean": 8.0,
            "fitTimeStd": 4.546060565661952,
            "scoreTimeMean": 14.0,
            "scoreTimeStd": 5.354126134736337,
            "best_iteration": null,
            "parameters": {
                "C": 0.1,
                "penalty": "l2"
            }
        },
        {
            "finishedAt": 1594908403978,
            "score": 0.75,
            "testScoreGibMean": 0.75,
            "testScoreMean": 0.75,
            "testScoreStd": 0.25,
            "trainScoreMean": 1.0,
            "trainScoreStd": 0.0,
            "time": 37,
            "fitTimeMean": 3.3333333333333335,
            "fitTimeStd": 1.699673171197595,
            "scoreTimeMean": 9.0,
            "scoreTimeStd": 3.7416573867739413,
            "best_iteration": null,
            "parameters": {
                "C": 0.01,
                "penalty": "l2"
            }
        },
        {
            "finishedAt": 1594908404015,
            "score": 0.5,
            "testScoreGibMean": 0.5,
            "testScoreMean": 0.5,
            "testScoreStd": 0.3535533905932738,
            "trainScoreMean": 1.0,
            "trainScoreStd": 0.0,
            "time": 55,
            "fitTimeMean": 4.0,
            "fitTimeStd": 2.160246899469287,
            "scoreTimeMean": 14.333333333333334,
            "scoreTimeStd": 5.436502143433364,
            "best_iteration": null,
            "parameters": {
                "C": 100.0,
                "penalty": "l2"
            }
        },
        {
            "finishedAt": 1594908404020,
            "score": 0.5,
            "testScoreGibMean": 0.5,
            "testScoreMean": 0.5,
            "testScoreStd": 0.3535533905932738,
            "trainScoreMean": 1.0,
            "trainScoreStd": 0.0,
            "time": 54,
            "fitTimeMean": 3.3333333333333335,
            "fitTimeStd": 0.4714045207910317,
            "scoreTimeMean": 14.666666666666666,
            "scoreTimeStd": 3.2998316455372216,
            "best_iteration": null,
            "parameters": {
                "C": 10.0,
                "penalty": "l2"
            }
        }
    ]
}