{
    "modelInputNRows": 8,
    "modelInputNCols": 8,
    "modelInputIsSparse": false,
    "modelInputMemory": 512,
    "usedGridSearch": true,
    "gridSize": 5,
    "gridBestScore": 0.75,
    "gridCells": [
        {
            "params": {
                "C": 1.0,
                "penalty": "l2"
            },
            "score": 0.75,
            "scoreStd": 0.25,
            "fitTime": 0.0026666666666666666,
            "fitTimeStd": 0.001699673171197595,
            "scoreTime": 0.014666666666666666,
            "scoreTimeStd": 0.004642796092394707
        },
        {
            "params": {
                "C": 0.1,
                "penalty": "l2"
            },
            "score": 0.75,
            "scoreStd": 0.25,
            "fitTime": 0.008,
            "fitTimeStd": 0.0045460605656619515,
            "scoreTime": 0.014,
            "scoreTimeStd": 0.0053541261347363365
        },
        {
            "params": {
                "C": 0.01,
                "penalty": "l2"
            },
            "score": 0.75,
            "scoreStd": 0.25,
            "fitTime": 0.0033333333333333335,
            "fitTimeStd": 0.001699673171197595,
            "scoreTime": 0.009,
            "scoreTimeStd": 0.0037416573867739412
        },
        {
            "params": {
                "C": 100.0,
                "penalty": "l2"
            },
            "score": 0.5,
            "scoreStd": 0.3535533905932738,
            "fitTime": 0.004,
            "fitTimeStd": 0.002160246899469287,
            "scoreTime": 0.014333333333333333,
            "scoreTimeStd": 0.0054365021434333635
        },
        {
            "params": {
                "C": 10.0,
                "penalty": "l2"
            },
            "score": 0.5,
            "scoreStd": 0.3535533905932738,
            "fitTime": 0.0033333333333333335,
            "fitTimeStd": 0.0004714045207910317,
            "scoreTime": 0.014666666666666666,
            "scoreTimeStd": 0.003299831645537222
        }
    ],
    "lmCoefficients": {
        "variables": [
            "thsvd:col_0:0",
            "thsvd:col_0:1",
            "thsvd:col_0:2",
            "thsvd:col_0:3",
            "thsvd:col_0:4",
            "thsvd:col_0:5",
            "thsvd:col_0:6",
            "thsvd:col_0:7"
        ],
        "coefs": [
            0.4177431613687626,
            -0.5905161400187593,
            0.004675128020262431,
            0.2763398225391508,
            0.546543323814205,
            9.616056432410424e-16,
            -0.5230171782864532,
            0.30196410867448537
        ],
        "interceptCoef": -0.01644764080303818,
        "interceptStderr": null,
        "interceptTstat": null,
        "interceptPvalue": null,
        "rescaledCoefs": [
            0.4177431613687626,
            -0.5905161400187593,
            0.004675128020262431,
            0.2763398225391508,
            0.546543323814205,
            9.616056432410424e-16,
            -0.5230171782864532,
            0.30196410867448537
        ],
        "rescaledInterceptCoef": -0.01644764080303818
    },
    "probaAware": true
}