{
  "state": "DONE",
  "preSearchDescription": {
    "gridLength": 5,
    "searchStrategy": "GRID",
    "importantParams": [
      {
        "name": "penalty",
        "vals": [
          "l2"
        ]
      },
      {
        "name": "C",
        "vals": [
          "0.01",
          "0.1",
          "1.0",
          "10.0",
          "100.0"
        ]
      }
    ]
  },
  "postSearchDescription": {
    "importantParams": [
      {
        "name": "C",
        "val": "1.0"
      },
      {
        "name": "penalty",
        "val": "l2"
      }
    ]
  },
  "resumed": false,
  "timeOrderingEnabled": false,
  "sampleWeightsEnabled": false,
  "modelId": "m1",
  "progress": {
    "top_level_todo": [],
    "stack": [],
    "top_level_done": [
      {
        "name": "Loading train set",
        "time": 64
      },
      {
        "name": "Loading test set",
        "time": 3
      },
      {
        "name": "Collecting statistics",
        "time": 1
      },
      {
        "name": "Preprocessing train set",
        "time": 1996
      },
      {
        "name": "Preprocessing test set",
        "time": 11
      },
      {
        "name": "Hyperparameter searching",
        "time": 1161
      },
      {
        "name": "Fitting model",
        "time": 2
      },
      {
        "name": "Saving model",
        "time": 1
      },
      {
        "name": "Scoring model",
        "time": 336
      }
    ]
  },
  "startTime": 1594908401660,
  "endTime": 1594908405352,
  "preprocessingTime": 2076,
  "trainingTime": 1616,
  "hyperparamsSearchTime": 1161
}