{
  "type": "webapp_ml-assisted-labeling_image-labeling",
  "hasLegacyBackendURL": false,
  "params": {
    "backendEnabled": true,
    "enableJavascriptModules": true,
    "autoStartBackend": false,
    "hideJSSecurityPanel": true,
    "envSelection": {
      "envMode": "INHERIT"
    },
    "nbProcesses": 1,
    "libraries": [
      "jquery",
      "dataiku",
      "bootstrap",
      "font_awesome"
    ],
    "infra": {
      "containerSelection": {
        "containerMode": "INHERIT"
      },
      "overrideGlobalK8sExposition": false,
      "exposition": {
        "type": "local_process",
        "params": {}
      },
      "scaling": {
        "initialReplicas": 1,
        "hpa": false,
        "hpaTargetCPUPercent": 0,
        "hpaMinPods": 0,
        "hpaMaxPods": 0
      }
    },
    "forceAuthentication": false
  },
  "config": {
    "categories": [],
    "label_col_name": "label",
    "labels_ds": "image-labels",
    "metadata_ds": "image-metadata",
    "unlabeled": "j47pTfgK",
    "queries_ds": "image-queries"
  },
  "name": "Image labeling",
  "apiKey": "dummyKey_4clNZyeqQxLs0kqMZJAsYLla7fOjQI4l",
  "versionTag": {
    "versionNumber": 5,
    "lastModifiedBy": {
      "login": "admin"
    },
    "lastModifiedOn": 1591983772524
  },
  "creationTag": {
    "versionNumber": 0,
    "lastModifiedBy": {
      "login": "admin"
    },
    "lastModifiedOn": 1590731738884
  },
  "tags": [],
  "checklists": {
    "checklists": []
  },
  "customFields": {},
  "isVirtual": false
}