{
  "pages": [
    {
      "id": "cQ7qdPK",
      "grid": {
        "tiles": [
          {
            "tileType": "INSIGHT",
            "box": {
              "top": 0,
              "left": 0,
              "width": 12,
              "height": 6
            },
            "clickAction": "DO_NOTHING",
            "tileParams": {
              "loadTimeoutInSeconds": 0
            },
            "autoLoad": true,
            "showTitle": "NO",
            "insightId": "feJtN24",
            "insightType": "web_app",
            "displayMode": "INSIGHT",
            "resizeImageMode": "FIT_SIZE"
          }
        ]
      },
      "showTitle": false
    }
  ],
  "owner": "admin",
  "listed": false,
  "name": "Text Labeling App",
  "showGrid": true,
  "versionTag": {
    "versionNumber": 2,
    "lastModifiedBy": {
      "login": "admin"
    },
    "lastModifiedOn": 1606342541631
  },
  "creationTag": {
    "versionNumber": 0,
    "lastModifiedBy": {
      "login": "admin"
    },
    "lastModifiedOn": 1606342521830
  },
  "tags": [],
  "customFields": {},
  "checklists": {
    "checklists": []
  }
}