[
  {
    "execSQLLike": false,
    "localDatasets": [
      {
        "datasets": [],
        "privileges": [
          "READ_DATA",
          "READ_METADATA",
          "READ_SCHEMA"
        ]
      }
    ],
    "projectPrivileges": {
      "admin": false,
      "readProjectContent": false,
      "writeProjectContent": false,
      "exportDatasetsData": false,
      "readDashboards": false,
      "writeDashboards": false,
      "moderateDashboards": false,
      "runScenarios": false,
      "manageDashboardAuthorizations": false,
      "manageExposedElements": false,
      "manageAdditionalDashboardUsers": false,
      "executeApp": false
    },
    "onBehalf": "xFUUnCL",
    "id": "TnWxjiF1sajLDcw6",
    "key": "dummyKey_Ie9imddO6KorrO2dkwGxMCRz3gTcubRu",
    "label": "Key for Web app object-labeling(xFUUnCL)",
    "createdOn": 1590077782713
  }
]