{
  "type": "CustomCode_active-learning-query-sampler",
  "neverRecomputeExistingPartitions": false,
  "optionalDependencies": false,
  "params": {
    "customConfig": {
      "batch_size": 1,
      "confidence": 0.5,
      "gpu_allocation": 1,
      "list_gpu": "0",
      "record_missing": false,
      "strategy": "confidence",
      "should_use_gpu": true
    },
    "containerSelection": {
      "containerMode": "INHERIT"
    }
  },
  "customMeta": {
    "kv": {}
  },
  "redispatchPartitioning": false,
  "maxRunningActivities": 0,
  "inputs": {
    "saved_model": {
      "items": [
        {
          "ref": "YkGoyiEn",
          "deps": []
        }
      ]
    },
    "unlabeled_samples": {
      "items": [
        {
          "ref": "j47pTfgK",
          "deps": []
        }
      ]
    }
  },
  "outputs": {
    "queries": {
      "items": [
        {
          "ref": "image-queries",
          "appendMode": false
        }
      ]
    }
  },
  "versionTag": {
    "versionNumber": 22,
    "lastModifiedBy": {
      "login": "admin"
    },
    "lastModifiedOn": 1591967300365
  },
  "creationTag": {
    "versionNumber": 0,
    "lastModifiedBy": {
      "login": "admin"
    },
    "lastModifiedOn": 1590742801836
  },
  "tags": [],
  "customFields": {},
  "checklists": {
    "checklists": []
  }
}