{
    "startedAt": 1594908403739,
    "gridSize": 2,
    "nThreads": 4,
    "nSplits": 3,
    "metric": "ROC_AUC",
    "timeout": null,
    "gridPoints": [
        {
            "finishedAt": 1594908404681,
            "score": 0.5,
            "testScoreGibMean": 0.5,
            "testScoreMean": 0.5,
            "testScoreStd": 0.3535533905932738,
            "trainScoreMean": 1.0,
            "trainScoreStd": 0.0,
            "time": 2486,
            "fitTimeMean": 744.3333333333334,
            "fitTimeStd": 80.85515169459244,
            "scoreTimeMean": 84.33333333333333,
            "scoreTimeStd": 36.261396675926434,
            "best_iteration": null,
            "parameters": {
                "max_depth": 6,
                "max_features": "auto",
                "min_samples_leaf": 1,
                "n_estimators": 100,
                "min_samples_split": 3
            }
        },
        {
            "finishedAt": 1594908404929,
            "score": 0.5,
            "testScoreGibMean": 0.5,
            "testScoreMean": 0.5,
            "testScoreStd": 0.3535533905932738,
            "trainScoreMean": 1.0,
            "trainScoreStd": 0.0,
            "time": 1451,
            "fitTimeMean": 450.6666666666667,
            "fitTimeStd": 60.47772776448828,
            "scoreTimeMean": 33.0,
            "scoreTimeStd": 14.89966442575134,
            "best_iteration": null,
            "parameters": {
                "max_depth": 11,
                "max_features": "auto",
                "min_samples_leaf": 1,
                "n_estimators": 100,
                "min_samples_split": 3
            }
        }
    ]
}