[
    {
        "test_score_gib": 0.5,
        "train_score": 1.0,
        "test_score": 0.5,
        "num_samples": 4,
        "fit_time": 632,
        "score_time": 133,
        "time": 765,
        "parameters": {
            "max_depth": 6,
            "max_features": "auto",
            "min_samples_leaf": 1,
            "n_estimators": 100,
            "min_samples_split": 3
        },
        "best_iteration": null,
        "done_at": 1594908404506,
        "split_id": 0
    },
    {
        "test_score_gib": 1.0,
        "train_score": 1.0,
        "test_score": 1.0,
        "num_samples": 2,
        "fit_time": 819,
        "score_time": 74,
        "time": 893,
        "parameters": {
            "max_depth": 6,
            "max_features": "auto",
            "min_samples_leaf": 1,
            "n_estimators": 100,
            "min_samples_split": 3
        },
        "best_iteration": null,
        "done_at": 1594908404681,
        "split_id": 1
    },
    {
        "test_score_gib": 0.0,
        "train_score": 1.0,
        "test_score": 0.0,
        "num_samples": 2,
        "fit_time": 782,
        "score_time": 46,
        "time": 828,
        "parameters": {
            "max_depth": 6,
            "max_features": "auto",
            "min_samples_leaf": 1,
            "n_estimators": 100,
            "min_samples_split": 3
        },
        "best_iteration": null,
        "done_at": 1594908404639,
        "split_id": 2
    },
    {
        "test_score_gib": 0.5,
        "train_score": 1.0,
        "test_score": 0.5,
        "num_samples": 4,
        "fit_time": 511,
        "score_time": 54,
        "time": 565,
        "parameters": {
            "max_depth": 11,
            "max_features": "auto",
            "min_samples_leaf": 1,
            "n_estimators": 100,
            "min_samples_split": 3
        },
        "best_iteration": null,
        "done_at": 1594908404431,
        "split_id": 0
    },
    {
        "test_score_gib": 1.0,
        "train_score": 1.0,
        "test_score": 1.0,
        "num_samples": 2,
        "fit_time": 473,
        "score_time": 21,
        "time": 494,
        "parameters": {
            "max_depth": 11,
            "max_features": "auto",
            "min_samples_leaf": 1,
            "n_estimators": 100,
            "min_samples_split": 3
        },
        "best_iteration": null,
        "done_at": 1594908404929,
        "split_id": 1
    },
    {
        "test_score_gib": 0.0,
        "train_score": 1.0,
        "test_score": 0.0,
        "num_samples": 2,
        "fit_time": 368,
        "score_time": 24,
        "time": 392,
        "parameters": {
            "max_depth": 11,
            "max_features": "auto",
            "min_samples_leaf": 1,
            "n_estimators": 100,
            "min_samples_split": 3
        },
        "best_iteration": null,
        "done_at": 1594908404900,
        "split_id": 2
    }
]