{
    "modelInputNRows": 8,
    "modelInputNCols": 8,
    "modelInputIsSparse": false,
    "modelInputMemory": 512,
    "usedGridSearch": true,
    "gridSize": 2,
    "gridBestScore": 0.5,
    "gridCells": [
        {
            "params": {
                "max_depth": 6,
                "max_features": "auto",
                "min_samples_leaf": 1,
                "n_estimators": 100,
                "min_samples_split": 3
            },
            "score": 0.5,
            "scoreStd": 0.3535533905932738,
            "fitTime": 0.7443333333333334,
            "fitTimeStd": 0.08085515169459244,
            "scoreTime": 0.08433333333333333,
            "scoreTimeStd": 0.036261396675926434
        },
        {
            "params": {
                "max_depth": 11,
                "max_features": "auto",
                "min_samples_leaf": 1,
                "n_estimators": 100,
                "min_samples_split": 3
            },
            "score": 0.5,
            "scoreStd": 0.3535533905932738,
            "fitTime": 0.45066666666666666,
            "fitTimeStd": 0.06047772776448828,
            "scoreTime": 0.033,
            "scoreTimeStd": 0.01489966442575134
        }
    ],
    "rawImportance": {
        "variables": [
            "thsvd:col_0:0",
            "thsvd:col_0:1",
            "thsvd:col_0:2",
            "thsvd:col_0:3",
            "thsvd:col_0:4",
            "thsvd:col_0:5",
            "thsvd:col_0:6",
            "thsvd:col_0:7"
        ],
        "importances": [
            0.1857539988295823,
            0.17186758865964719,
            0.05897476603552137,
            0.13622641982919637,
            0.10457753380950872,
            0.06512752544100506,
            0.16910080051145884,
            0.10837136688408025
        ]
    },
    "probaAware": true
}