{
    "metrics": {},
    "processed_feature_names": [
        "thsvd:col_0:0",
        "thsvd:col_0:1",
        "thsvd:col_0:2",
        "thsvd:col_0:3",
        "thsvd:col_0:4",
        "thsvd:col_0:5",
        "thsvd:col_0:6",
        "thsvd:col_0:7"
    ],
    "probaPercentiles": [
        0.43183333333333324,
        0.4318333333333333,
        0.4318333333333333,
        0.4318333333333333,
        0.4318333333333333,
        0.4318333333333333,
        0.4318333333333333,
        0.4318333333333333,
        0.4318333333333333,
        0.4318333333333333,
        0.4318333333333333,
        0.4318333333333333,
        0.4318333333333333,
        0.4318333333333333,
        0.4318333333333333,
        0.4318333333333333,
        0.4318333333333333,
        0.4318333333333333,
        0.4318333333333333,
        0.4318333333333333,
        0.4318333333333333,
        0.4318333333333333,
        0.4318333333333333,
        0.4318333333333333,
        0.4318333333333333,
        0.4318333333333333,
        0.4318333333333333,
        0.4318333333333333,
        0.4318333333333333,
        0.4318333333333333,
        0.4318333333333333,
        0.4318333333333333,
        0.4318333333333333,
        0.4318333333333333,
        0.4318333333333333,
        0.4318333333333333,
        0.4318333333333333,
        0.4318333333333333,
        0.4318333333333333,
        0.4318333333333333,
        0.4318333333333333,
        0.4318333333333333,
        0.4318333333333333,
        0.4318333333333333,
        0.4318333333333333,
        0.4318333333333333,
        0.4318333333333333,
        0.4318333333333333,
        0.4318333333333333,
        0.4318333333333333,
        0.4318333333333333,
        0.4318333333333333,
        0.4318333333333333,
        0.4318333333333333,
        0.4318333333333333,
        0.4318333333333333,
        0.4318333333333333,
        0.4318333333333333,
        0.4318333333333333,
        0.4318333333333333,
        0.4318333333333333,
        0.4318333333333333,
        0.4318333333333333,
        0.4318333333333333,
        0.4318333333333333,
        0.43183333333333335,
        0.433525,
        0.43859999999999993,
        0.44367499999999993,
        0.44874999999999987,
        0.4538249999999999,
        0.4589,
        0.46397499999999997,
        0.4690499999999999,
        0.47412499999999996,
        0.4792,
        0.48427499999999996,
        0.48934999999999995,
        0.494425,
        0.49950000000000006,
        0.504575,
        0.5096499999999999,
        0.5147249999999999,
        0.5198,
        0.524875,
        0.52995,
        0.535025,
        0.5401,
        0.545175,
        0.55025,
        0.555325,
        0.5604,
        0.565475,
        0.5705499999999999,
        0.5756249999999999,
        0.5807,
        0.585775,
        0.59085,
        0.595925
    ],
    "perCutData": {
        "cut": [
            0.0,
            0.025,
            0.05,
            0.07500000000000001,
            0.1,
            0.125,
            0.15000000000000002,
            0.17500000000000002,
            0.2,
            0.225,
            0.25,
            0.275,
            0.30000000000000004,
            0.325,
            0.35000000000000003,
            0.375,
            0.4,
            0.42500000000000004,
            0.45,
            0.47500000000000003,
            0.5,
            0.525,
            0.55,
            0.5750000000000001,
            0.6000000000000001,
            0.625,
            0.65,
            0.675,
            0.7000000000000001,
            0.7250000000000001,
            0.75,
            0.775,
            0.8,
            0.8250000000000001,
            0.8500000000000001,
            0.875,
            0.9,
            0.925,
            0.9500000000000001,
            0.9750000000000001
        ],
        "tp": [
            2,
            2,
            2,
            2,
            2,
            2,
            2,
            2,
            2,
            2,
            2,
            2,
            2,
            2,
            2,
            2,
            2,
            2,
            1,
            1,
            1,
            1,
            1,
            1,
            1,
            0,
            0,
            0,
            0,
            0,
            0,
            0,
            0,
            0,
            0,
            0,
            0,
            0,
            0,
            0
        ],
        "tn": [
            0,
            0,
            0,
            0,
            0,
            0,
            0,
            0,
            0,
            0,
            0,
            0,
            0,
            0,
            0,
            0,
            0,
            0,
            2,
            2,
            2,
            2,
            2,
            2,
            2,
            2,
            2,
            2,
            2,
            2,
            2,
            2,
            2,
            2,
            2,
            2,
            2,
            2,
            2,
            2
        ],
        "fp": [
            2,
            2,
            2,
            2,
            2,
            2,
            2,
            2,
            2,
            2,
            2,
            2,
            2,
            2,
            2,
            2,
            2,
            2,
            0,
            0,
            0,
            0,
            0,
            0,
            0,
            0,
            0,
            0,
            0,
            0,
            0,
            0,
            0,
            0,
            0,
            0,
            0,
            0,
            0,
            0
        ],
        "fn": [
            0,
            0,
            0,
            0,
            0,
            0,
            0,
            0,
            0,
            0,
            0,
            0,
            0,
            0,
            0,
            0,
            0,
            0,
            1,
            1,
            1,
            1,
            1,
            1,
            1,
            2,
            2,
            2,
            2,
            2,
            2,
            2,
            2,
            2,
            2,
            2,
            2,
            2,
            2,
            2
        ],
        "precision": [
            0.5,
            0.5,
            0.5,
            0.5,
            0.5,
            0.5,
            0.5,
            0.5,
            0.5,
            0.5,
            0.5,
            0.5,
            0.5,
            0.5,
            0.5,
            0.5,
            0.5,
            0.5,
            1.0,
            1.0,
            1.0,
            1.0,
            1.0,
            1.0,
            1.0,
            1.0,
            1.0,
            1.0,
            1.0,
            1.0,
            1.0,
            1.0,
            1.0,
            1.0,
            1.0,
            1.0,
            1.0,
            1.0,
            1.0,
            1.0
        ],
        "recall": [
            1.0,
            1.0,
            1.0,
            1.0,
            1.0,
            1.0,
            1.0,
            1.0,
            1.0,
            1.0,
            1.0,
            1.0,
            1.0,
            1.0,
            1.0,
            1.0,
            1.0,
            1.0,
            0.5,
            0.5,
            0.5,
            0.5,
            0.5,
            0.5,
            0.5,
            0.0,
            0.0,
            0.0,
            0.0,
            0.0,
            0.0,
            0.0,
            0.0,
            0.0,
            0.0,
            0.0,
            0.0,
            0.0,
            0.0,
            0.0
        ],
        "accuracy": [
            0.5,
            0.5,
            0.5,
            0.5,
            0.5,
            0.5,
            0.5,
            0.5,
            0.5,
            0.5,
            0.5,
            0.5,
            0.5,
            0.5,
            0.5,
            0.5,
            0.5,
            0.5,
            0.75,
            0.75,
            0.75,
            0.75,
            0.75,
            0.75,
            0.75,
            0.5,
            0.5,
            0.5,
            0.5,
            0.5,
            0.5,
            0.5,
            0.5,
            0.5,
            0.5,
            0.5,
            0.5,
            0.5,
            0.5,
            0.5
        ],
        "f1": [
            0.6666666666666666,
            0.6666666666666666,
            0.6666666666666666,
            0.6666666666666666,
            0.6666666666666666,
            0.6666666666666666,
            0.6666666666666666,
            0.6666666666666666,
            0.6666666666666666,
            0.6666666666666666,
            0.6666666666666666,
            0.6666666666666666,
            0.6666666666666666,
            0.6666666666666666,
            0.6666666666666666,
            0.6666666666666666,
            0.6666666666666666,
            0.6666666666666666,
            0.6666666666666666,
            0.6666666666666666,
            0.6666666666666666,
            0.6666666666666666,
            0.6666666666666666,
            0.6666666666666666,
            0.6666666666666666,
            0.0,
            0.0,
            0.0,
            0.0,
            0.0,
            0.0,
            0.0,
            0.0,
            0.0,
            0.0,
            0.0,
            0.0,
            0.0,
            0.0,
            0.0
        ],
        "mcc": [
            0.0,
            0.0,
            0.0,
            0.0,
            0.0,
            0.0,
            0.0,
            0.0,
            0.0,
            0.0,
            0.0,
            0.0,
            0.0,
            0.0,
            0.0,
            0.0,
            0.0,
            0.0,
            0.5773502691896258,
            0.5773502691896258,
            0.5773502691896258,
            0.5773502691896258,
            0.5773502691896258,
            0.5773502691896258,
            0.5773502691896258,
            0.0,
            0.0,
            0.0,
            0.0,
            0.0,
            0.0,
            0.0,
            0.0,
            0.0,
            0.0,
            0.0,
            0.0,
            0.0,
            0.0,
            0.0
        ],
        "hammingLoss": [
            0.5,
            0.5,
            0.5,
            0.5,
            0.5,
            0.5,
            0.5,
            0.5,
            0.5,
            0.5,
            0.5,
            0.5,
            0.5,
            0.5,
            0.5,
            0.5,
            0.5,
            0.5,
            0.25,
            0.25,
            0.25,
            0.25,
            0.25,
            0.25,
            0.25,
            0.5,
            0.5,
            0.5,
            0.5,
            0.5,
            0.5,
            0.5,
            0.5,
            0.5,
            0.5,
            0.5,
            0.5,
            0.5,
            0.5,
            0.5
        ]
    },
    "optimalThreshold": 0.0,
    "usedThreshold": 0.0,
    "tiMetrics": {
        "auc": 0.75,
        "logLoss": 0.6198892160598973,
        "lift": 2.0,
        "calibrationLoss": 0.17362499999999997
    },
    "rocVizData": [
        [
            {
                "x": 0.0,
                "y": 0.0,
                "p": 1.601
            },
            {
                "x": 0.0,
                "y": 0.5,
                "p": 0.601
            },
            {
                "x": 1.0,
                "y": 1.0,
                "p": 0.4318333333333333
            }
        ]
    ],
    "densityData": {
        "clickbait": {
            "correct": [
                2.2443140014863156e-19,
                1.0896172535583896e-18,
                5.142279114497582e-18,
                2.3590038067383415e-17,
                1.0519448199292844e-16,
                4.559829445298686e-16,
                1.9213016679308786e-15,
                7.86925905599618e-15,
                3.1330220177280675e-14,
                1.212507330977472e-13,
                4.561383853537174e-13,
                1.6680159164431587e-12,
                5.929186097582488e-12,
                2.0487138080406108e-11,
                6.881115207763496e-11,
                2.2466099883727966e-10,
                7.129972641133877e-10,
                2.1995779788185454e-09,
                6.596023350863288e-09,
                1.922721255884219e-08,
                5.4480588759846864e-08,
                1.500578012929461e-07,
                4.017599921149372e-07,
                1.0456013051692714e-06,
                2.6451899756359297e-06,
                6.504874790440276e-06,
                1.5549353478275363e-05,
                3.61307563418764e-05,
                8.160806702629835e-05,
                0.00017917625342206965,
                0.0003824011000469433,
                0.0007933213391558667,
                0.0015998175673097167,
                0.003136050937725941,
                0.0059756764751667975,
                0.011068336822720268,
                0.019928241549004532,
                0.034877625664499715,
                0.05933571327529506,
                0.0981243390260663,
                0.15773520804599792,
                0.24647442564142286,
                0.37437462547002737,
                0.5527544771950029,
                0.7933219201126182,
                1.1067714851110182,
                1.500920848562647,
                1.978558705574185,
                2.5353120049587434,
                3.1579496887834018,
                3.8235812413302686,
                4.5001476115678285,
                5.148426516741939,
                5.725502374136932,
                6.189335167315204,
                6.503778251683568,
                6.64322208289212,
                6.596037841865541,
                6.3661787360173445,
                5.972633122991069,
                5.446834391260834,
                4.828517670677202,
                4.160780457687612,
                3.48519513033154,
                2.8377276889286183,
                2.245978831849188,
                1.7279529834034473,
                1.2922588221422593,
                0.939416992902928,
                0.6638326966585402,
                0.45598461413551666,
                0.3044619748402453,
                0.19760924225442061,
                0.12467310257679319,
                0.07645917427533916,
                0.04558036109489763,
                0.026412970176126066,
                0.014878119487965833,
                0.008146483181095005,
                0.00433594345443287,
                0.0022433052681214488,
                0.001128195762738671,
                0.0005515334714298538,
                0.00026209009330749403,
                0.00012106557207871043,
                5.436032360232661e-05,
                2.3726557453394304e-05,
                1.0066505800044321e-05,
                4.1515864707626494e-06,
                1.6643350128377673e-06,
                6.485728025365541e-07,
                2.4567900121186156e-07,
                9.046251643171226e-08,
                3.237878983669839e-08,
                1.1265329084995343e-08,
                3.809942968266218e-09,
                1.2525191890336235e-09,
                4.002594767292539e-10,
                1.2433407854684974e-10,
                3.754309381017349e-11
            ],
            "incorrect": [
                5.406976367765738e-06,
                1.0390326767579416e-05,
                1.9634981133105904e-05,
                3.648869573423653e-05,
                6.668264070004826e-05,
                0.0001198378134075328,
                0.00021178814620203797,
                0.0003680748764824454,
                0.0006290679260697486,
                0.0010572699009505598,
                0.0017474361166572034,
                0.0028401682255005042,
                0.004539566788182753,
                0.007135307650147566,
                0.011029083346871821,
                0.016764676800519983,
                0.02505998662420703,
                0.03683812089278348,
                0.05325330238105102,
                0.07570594620925374,
                0.10584012968508018,
                0.1455160970256824,
                0.19675079031533893,
                0.2616210117385623,
                0.34212693464908,
                0.4400183275266185,
                0.5565917870988517,
                0.6924739113057611,
                0.8474117657353646,
                1.020097045612307,
                1.2080527576750546,
                1.4076099288460822,
                1.6139960745917392,
                1.8215468475544743,
                2.0240381497800213,
                2.215119566623065,
                2.388813492802012,
                2.5400303873055403,
                2.6650417977500944,
                2.761851211498552,
                2.830409549628146,
                2.8726370991194727,
                2.892235406306065,
                2.894298448181526,
                2.884758732259638,
                2.8697270184640575,
                2.8548005822022766,
                2.8444217076363416,
                2.8413641101720857,
                2.8464105052185773,
                2.8582613932555168,
                2.873686445018771,
                2.8878996049161594,
                2.8951113835448035,
                2.8891905845517014,
                2.8643557442162533,
                2.8158153056142297,
                2.7402848682939864,
                2.636328079191666,
                2.5044919512998134,
                2.3472339532869047,
                2.1686632944405413,
                1.9741390756369102,
                1.769780982948578,
                1.5619528285762876,
                1.356775704125485,
                1.1597172053231306,
                0.9752883618942189,
                0.8068631975348892,
                0.656619806920164,
                0.5255885445265558,
                0.41378371038543343,
                0.32039049632446825,
                0.24397866287164666,
                0.18271761138817433,
                0.13457302625816459,
                0.09747183945368745,
                0.06942880190511101,
                0.04863359748535296,
                0.03350170863155267,
                0.022694967021672705,
                0.01511899187516453,
                0.009904801207415635,
                0.006381129671449916,
                0.004042757274416648,
                0.0025187531838717922,
                0.0015431959373040692,
                0.0009297876880611327,
                0.0005509010258024172,
                0.00032098910878128605,
                0.0001839220631238585,
                0.00010363443825822106,
                5.742500452313215e-05,
                3.1291371893545014e-05,
                1.676774885002936e-05,
                8.83591399783011e-06,
                4.578832355317907e-06,
                2.3333749639758953e-06,
                1.169340093979678e-06,
                5.762668742892684e-07
            ],
            "correctMedian": 0.5681666666666667,
            "incorrectMedian": 0.48358333333333337
        },
        "legit": {
            "correct": [
                5.762668742892623e-07,
                1.1693400939796718e-06,
                2.333374963975891e-06,
                4.578832355317867e-06,
                8.835913997830079e-06,
                1.676774885002933e-05,
                3.129137189354479e-05,
                5.742500452313215e-05,
                0.0001036344382582207,
                0.00018392206312385818,
                0.0003209891087812855,
                0.0005509010258024162,
                0.0009297876880611327,
                0.0015431959373040666,
                0.0025187531838717944,
                0.004042757274416631,
                0.006381129671449916,
                0.009904801207415652,
                0.015118991875164502,
                0.022694967021672726,
                0.033501708631552635,
                0.04863359748535296,
                0.06942880190511092,
                0.09747183945368745,
                0.13457302625816475,
                0.18271761138817433,
                0.24397866287164696,
                0.32039049632446825,
                0.4137837103854339,
                0.5255885445265565,
                0.6566198069201641,
                0.8068631975348903,
                0.9752883618942191,
                1.159717205323132,
                1.3567757041254855,
                1.5619528285762894,
                1.76978098294858,
                1.974139075636911,
                2.168663294440543,
                2.347233953286905,
                2.5044919512998143,
                2.636328079191666,
                2.7402848682939864,
                2.815815305614231,
                2.8643557442162533,
                2.8891905845517014,
                2.8951113835448035,
                2.8878996049161594,
                2.873686445018771,
                2.8582613932555168,
                2.8464105052185773,
                2.8413641101720857,
                2.8444217076363416,
                2.8548005822022766,
                2.8697270184640575,
                2.884758732259638,
                2.894298448181525,
                2.8922354063060642,
                2.872637099119472,
                2.8304095496281447,
                2.761851211498552,
                2.665041797750092,
                2.5400303873055385,
                2.388813492802009,
                2.2151195666230614,
                2.024038149780019,
                1.8215468475544698,
                1.6139960745917363,
                1.4076099288460784,
                1.2080527576750515,
                1.0200970456123035,
                0.8474117657353613,
                0.6924739113057589,
                0.5565917870988489,
                0.44001832752661674,
                0.342126934649078,
                0.2616210117385609,
                0.19675079031533813,
                0.14551609702568152,
                0.10584012968507951,
                0.0757059462092531,
                0.053253302381050666,
                0.03683812089278313,
                0.025059986624206828,
                0.01676467680051986,
                0.011029083346871684,
                0.007135307650147502,
                0.004539566788182701,
                0.0028401682255004765,
                0.0017474361166571755,
                0.0010572699009505475,
                0.0006290679260697408,
                0.00036807487648244015,
                0.00021178814620203534,
                0.00011983781340753088,
                6.66826407000473e-05,
                3.648869573423602e-05,
                1.9634981133105592e-05,
                1.039032676757925e-05,
                5.40697636776567e-06
            ],
            "incorrect": [
                3.754309381017349e-11,
                1.2433407854685062e-10,
                4.002594767292596e-10,
                1.2525191890336235e-09,
                3.8099429682662455e-09,
                1.1265329084995504e-08,
                3.23787898366985e-08,
                9.046251643171322e-08,
                2.456790012118633e-07,
                6.485728025365611e-07,
                1.664335012837785e-06,
                4.151586470762672e-06,
                1.006650580004443e-05,
                2.372655745339443e-05,
                5.436032360232719e-05,
                0.00012106557207871043,
                0.00026209009330749593,
                0.0005515334714298588,
                0.001128195762738675,
                0.002243305268121465,
                0.0043359434544328855,
                0.008146483181095048,
                0.01487811948796586,
                0.02641297017612616,
                0.045580361094897916,
                0.07645917427533937,
                0.12467310257679386,
                0.19760924225442114,
                0.3044619748402467,
                0.4559846141355185,
                0.6638326966585413,
                0.9394169929029313,
                1.2922588221422615,
                1.7279529834034526,
                2.245978831849191,
                2.837727688928626,
                3.485195130331548,
                4.160780457687616,
                4.82851767067721,
                5.446834391260839,
                5.972633122991074,
                6.3661787360173445,
                6.596037841865544,
                6.64322208289212,
                6.503778251683568,
                6.1893351673152015,
                5.725502374136929,
                5.148426516741932,
                4.5001476115678205,
                3.823581241330265,
                3.1579496887833987,
                2.535312004958737,
                1.9785587055741787,
                1.500920848562645,
                1.1067714851110144,
                0.7933219201126164,
                0.5527544771950005,
                0.37437462547002653,
                0.24647442564142233,
                0.15773520804599717,
                0.09812433902606596,
                0.059335713275294744,
                0.034877625664499624,
                0.019928241549004425,
                0.01106833682272019,
                0.005975676475166777,
                0.0031360509377259187,
                0.0015998175673097108,
                0.0007933213391558597,
                0.00038240110004694196,
                0.00017917625342206837,
                8.160806702629748e-05,
                3.613075634187621e-05,
                1.5549353478275255e-05,
                6.5048747904402416e-06,
                2.645189975635906e-06,
                1.0456013051692602e-06,
                4.017599921149372e-07,
                1.50057801292944e-07,
                5.448058875984628e-08,
                1.9227212558841986e-08,
                6.596023350863264e-09,
                2.199577978818522e-09,
                7.129972641133801e-10,
                2.2466099883727966e-10,
                6.881115207763422e-11,
                2.048713808040589e-11,
                5.929186097582425e-12,
                1.6680159164431468e-12,
                4.561383853537126e-13,
                1.2125073309774588e-13,
                3.1330220177280455e-14,
                7.869259055996068e-15,
                1.9213016679308786e-15,
                4.559829445298588e-16,
                1.0519448199292695e-16,
                2.3590038067383415e-17,
                5.142279114497473e-18,
                1.0896172535583896e-18,
                2.2443140014863156e-19
            ],
            "correctMedian": 0.5164166666666666,
            "incorrectMedian": 0.4318333333333333
        }
    },
    "calibrationData": [
        {
            "y": 0,
            "x": 0,
            "n": 0
        },
        {
            "y": 0.3333333333333333,
            "x": 0.4318333333333333,
            "n": 3.0
        },
        {
            "y": 1.0,
            "x": 0.601,
            "n": 1.0
        },
        {
            "y": 1,
            "x": 1,
            "n": 0
        }
    ],
    "probaDistribData": {
        "bins": [
            0.0,
            0.1,
            0.2,
            0.3,
            0.4,
            0.5,
            0.6,
            0.7,
            0.8,
            0.9,
            1.0
        ],
        "probaDistribs": [
            [
                0.0,
                0.0,
                0.0,
                0.0,
                2.0,
                0.0,
                0.0,
                0.0,
                0.0,
                0.0
            ],
            [
                0.0,
                0.0,
                0.0,
                0.0,
                1.0,
                0.0,
                1.0,
                0.0,
                0.0,
                0.0
            ]
        ]
    },
    "globalMetrics": {
        "testWeight": 4,
        "targetAvg": [
            0.5
        ],
        "targetStd": [
            0.5773502691896257
        ],
        "predictionAvg": [
            1.0
        ],
        "predictionStd": [
            0.0
        ]
    }
}