{
  "state": "DONE",
  "preSearchDescription": {
    "gridLength": 2,
    "searchStrategy": "GRID",
    "importantParams": [
      {
        "name": "trees",
        "vals": [
          "100"
        ]
      },
      {
        "name": "depth",
        "vals": [
          "6",
          "11"
        ]
      },
      {
        "name": "min_samples",
        "vals": [
          "1"
        ]
      }
    ]
  },
  "postSearchDescription": {
    "importantParams": [
      {
        "name": "trees",
        "val": "100"
      },
      {
        "name": "depth",
        "val": "6"
      },
      {
        "name": "min_samples",
        "val": "1"
      }
    ]
  },
  "resumed": false,
  "timeOrderingEnabled": false,
  "sampleWeightsEnabled": false,
  "modelId": "m1",
  "progress": {
    "top_level_todo": [],
    "stack": [],
    "top_level_done": [
      {
        "name": "Loading train set",
        "time": 51
      },
      {
        "name": "Loading test set",
        "time": 3
      },
      {
        "name": "Collecting statistics",
        "time": 1
      },
      {
        "name": "Preprocessing train set",
        "time": 1995
      },
      {
        "name": "Preprocessing test set",
        "time": 11
      },
      {
        "name": "Hyperparameter searching",
        "time": 2088
      },
      {
        "name": "Fitting model",
        "time": 152
      },
      {
        "name": "Saving model",
        "time": 32
      },
      {
        "name": "Scoring model",
        "time": 780
      }
    ]
  },
  "startTime": 1594908401673,
  "endTime": 1594908406788,
  "preprocessingTime": 2062,
  "trainingTime": 3053,
  "hyperparamsSearchTime": 2088
}