{
  "type": "webapp_ml-assisted-labeling_text-labeling",
  "hasLegacyBackendURL": false,
  "params": {
    "backendEnabled": true,
    "enableJavascriptModules": true,
    "autoStartBackend": true,
    "hideJSSecurityPanel": true,
    "envSelection": {
      "envMode": "INHERIT"
    },
    "nbProcesses": 1,
    "libraries": [
      "jquery",
      "dataiku",
      "bootstrap",
      "font_awesome"
    ],
    "infra": {
      "containerSelection": {
        "containerMode": "INHERIT"
      },
      "overrideGlobalK8sExposition": false,
      "exposition": {
        "type": "local_process",
        "params": {}
      },
      "scaling": {
        "initialReplicas": 1,
        "hpa": false,
        "hpaTargetCPUPercent": 0,
        "hpaMetrics": [],
        "hpaMinPods": 0,
        "hpaMaxPods": 0,
        "hpaAnnotations": []
      },
      "deploymentModifier": {}
    },
    "forceAuthentication": false
  },
  "config": {
    "categories": [],
    "label_col_name": "label",
    "use_prelabeling": true,
    "prelabeling_engine": "classic",
    "tokenisation_engine": "white_space",
    "unlabeled": "input-text",
    "labels_ds": "text-labels",
    "metadata_ds": "text-metadata",
    "prelabeling_strategy": "classic",
    "text_direction": "ltr",
    "tokenization_engine": "white_space"
  },
  "name": "text-labeling",
  "apiKey": "dummyKey_6fxUjmhqpaN243hGysddHYqFD9nLqb58",
  "versionTag": {
    "versionNumber": 4,
    "lastModifiedBy": {
      "login": "admin"
    },
    "lastModifiedOn": 1607017957552
  },
  "creationTag": {
    "versionNumber": 0,
    "lastModifiedBy": {
      "login": "admin"
    },
    "lastModifiedOn": 1606328451230
  },
  "tags": [],
  "checklists": {
    "checklists": []
  },
  "customFields": {},
  "isVirtual": false
}