{
  "type": "web_app",
  "params": {
    "webAppSmartId": "oTb9JVc",
    "webAppType": "webapp_ml-assisted-labeling_tabular-labeling"
  },
  "owner": "admin",
  "listed": false,
  "name": "tabular-labeling",
  "dashboardCreationId": "GVdPRrL",
  "versionTag": {
    "versionNumber": 0,
    "lastModifiedBy": {
      "login": "admin"
    },
    "lastModifiedOn": 1590678572240
  },
  "creationTag": {
    "versionNumber": 0,
    "lastModifiedBy": {
      "login": "admin"
    },
    "lastModifiedOn": 1590678572240
  },
  "tags": [],
  "customFields": {},
  "checklists": {
    "checklists": []
  }
}